{
        "title": "leetcode",
        "author": "windliang",
        "description": "leetcode刷题",
        "language" : "zh-hans", 
        "links": {
            "sidebar": {
                "Home": "https://windliang.wang"
            },
            "gitbook": true
        },
        "structure": {
            "readme": "README.md",
            "summary": "SUMMARY.md"

        }, 
        "plugins": ["katex","splitter","anchor-navigation-ex","github","copy-code-button","-lunr", "-search", "search-plus","ad","-livereload","meta","sitemap","expandable-chapters-small"],
        "pluginsConfig": {
            "github": {
                "url": "https://github.com/wind-liang/leetcode"
            },
            "anchor-navigation-ex": {
                "multipleH1": false
            },
            "ad": {
                "contentBottom": "%3Cdiv%20id%3D%22wechat_subscriber%22%20style%3D%22display%3A%20block%3B%20padding%3A%2010px%200%3B%20margin%3A%2020px%20auto%3B%20width%3A%20100%25%3B%20text-align%3A%20center%22%3E%0A%20%20%20%20%20%20%20%20%3Cimg%20id%3D%22wechat_subscriber_qcode%22%20src%3D%22https%3A//windliang.oss-cn-beijing.aliyuncs.com/leetcode.jpg%22%20alt%3D%22windliang%20wechat%22%20style%3D%22width%3A%20800px%3B%20max-width%3A%20100%25%3B%22%3E%0A%20%20%20%20%20%20%20%20%3Cbr%3E%20%0A%20%3Cbr%3E%20%0A%20%3Cbr%3E%20%0A%20%20%20%20%20%20%20%20%20%3Cdiv%3E%u5982%u679C%u89C9%u5F97%u6709%u5E2E%u52A9%u7684%u8BDD%uFF0C%u53EF%u4EE5%u70B9%u51FB%20%3Ca%20href%3D%22https%3A//github.com/wind-liang/leetcode%22%20target%20%3D%20%22_blank%22%3E%u8FD9%u91CC%3C/a%3E%20%u5728%20github%20%u7ED9%u4E00%u4E2A%20star%20%u54E6%20%5E%5E%3C/div%3E%0A%3Cbr%3E%0A%3Cdiv%3E%u5982%u679C%u60F3%u7CFB%u7EDF%u7684%u5B66%u4E60%u6570%u636E%u7ED3%u6784%u548C%u7B97%u6CD5%uFF0C%u5F3A%u70C8%u63A8%u8350%u4E00%u4E2A%u6211%u4E4B%u524D%u5B66%u8FC7%u7684%u8BFE%u7A0B%uFF0C%u53EF%u4EE5%u70B9%u51FB%20%3Ca%20href%3D%22http%3A//gk.link/a/105Cw%22%20target%20%3D%20%22_blank%22%3E%u8FD9%u91CC%3C/a%3E%20%u67E5%u770B%u8BE6%u60C5%3C/div%3E%0A%3Cbr%3E%0A%3Cdiv%3E%u8BFE%u7A0B%u5728%u516C%u4F17%u53F7%u300C%u8BFE%u7A0B%u51CF%u51CF%u300D%u8D2D%u4E70%u4F1A%20%3Ca%20href%3D%22https%3A//windliang.wang/2020/05/31/%25E6%259E%2581%25E5%25AE%25A2%25E6%2597%25B6%25E9%2597%25B4%25E4%25BC%2598%25E6%2583%25A0%25E7%25BA%25A2%25E5%258C%2585%25E8%25BF%2594%25E7%258E%25B0/%22%20target%20%3D%20%22_blank%22%3E%u66F4%u4F18%u60E0%u4E00%u4E9B%3C/a%3E%3C/div%3E%0A%20%20%20%20%20%20%20%20%3C/div%3E%3Cscript%20async%20src%3D%22https%3A//pagead2.googlesyndication.com/pagead/js/adsbygoogle.js%22%3E%3C/script%3E%3Cins%20class%3D%22adsbygoogle%22%20style%3D%22display%3Ablock%22%20data-ad-client%3D%22ca-pub-1480477141602191%22%20data-ad-slot%3D%228293832619%22%20data-ad-format%3D%22auto%22%20data-full-width-responsive%3D%22true%22%3E%3C/ins%3E%3Cscript%3E%20%28adsbygoogle%20%3D%20window.adsbygoogle%20%7C%7C%20%5B%5D%29.push%28%7B%7D%29%3B%3C/script%3E%0A%3Cdiv%20%20style%3D%22display%3A%20block%3B%20padding%3A%2010px%200%3B%20margin%3A%2020px%20auto%3B%20width%3A%20100%25%3B%20text-align%3A%20center%22%3E%0A%3Ca%20href%3D%22http%3A//www.beian.miit.gov.cn%22%20rel%3D%22nofollow%22%20%20target%3D%22_blank%22%20style%3D%22text-decoration%3Anone%3Bcolor%3A%23000%3B%22%3E%u664BICP%u590719005643%u53F7%3C/a%3E%0A%3C/div%3E"
            },
            "meta": {
                "data": [
                    {
                        "name": "baidu-site-verification",
                        "content": "iFzduP9Qsi"
                    },
                    {
                        "name": "google-site-verification",
                        "content": "qwgHd8kl7vEvBa4OR81jLieQG9UKcY2r8ocztMhzA8o"
                    }
                ]
            },
            "sitemap": {
                "hostname": "https://leetcode.wang"
            }
            
        },
        "styles":{
            "website":"websiteStyle.css"
        },
        "pdf": {
            "fontSize": 16
        },   
        "gitbook" : "3.2.3"
    }